{"cameraMode":{"drawMode":0,"name":"Shaded","section":"Shading Mode"},"sceneLighting":false,"audioPlay":false,"sceneViewState":{"showFog":true,"showMaterialUpdate":false,"showSkybox":true,"showFlares":true,"showImageEffects":true,"showParticleSystems":true},"in2DMode":false,"pivot":{"x":342.6776123046875,"y":-145.97842407226563,"z":-79.2977066040039},"rotation":{"x":-0.10232263058423996,"y":-0.8832621574401856,"z":0.22770802676677705,"w":-0.39689695835113528},"size":640.0494384765625,"orthographic":false}