{"cameraMode":{"drawMode":0,"name":"Shaded","section":"Shading Mode"},"sceneLighting":false,"audioPlay":false,"sceneViewState":{"showFog":true,"showMaterialUpdate":false,"showSkybox":true,"showFlares":true,"showImageEffects":true,"showParticleSystems":true},"in2DMode":false,"pivot":{"x":-0.6982377767562866,"y":-0.06519246101379395,"z":0.24137496948242188},"rotation":{"x":0.08225642889738083,"y":-0.9050017595291138,"z":0.20456506311893464,"w":0.3638117015361786},"size":2.8578836917877199,"orthographic":false}