{"cameraMode":{"drawMode":0,"name":"Shaded","section":"Shading Mode"},"sceneLighting":false,"audioPlay":false,"sceneViewState":{"showFog":true,"showMaterialUpdate":false,"showSkybox":true,"showFlares":true,"showImageEffects":true,"showParticleSystems":true},"in2DMode":false,"pivot":{"x":6.506643295288086,"y":2.4200000762939455,"z":-1.1299999952316285},"rotation":{"x":-0.07161431014537811,"y":-0.13161763548851014,"z":0.009540285915136338,"w":-0.9886643886566162},"size":4.27482271194458,"orthographic":false}