{"cameraMode":{"drawMode":0,"name":"Shaded","section":"Shading Mode"},"sceneLighting":false,"audioPlay":false,"sceneViewState":{"showFog":true,"showMaterialUpdate":false,"showSkybox":true,"showFlares":true,"showImageEffects":true,"showParticleSystems":true},"in2DMode":false,"pivot":{"x":-2.3095200061798097,"y":0.22667574882507325,"z":0.33633899688720705},"rotation":{"x":-0.11194164305925369,"y":0.88773113489151,"z":-0.3283889591693878,"w":-0.3025940954685211},"size":4.357883930206299,"orthographic":false}