{"cameraMode":{"drawMode":0,"name":"Shaded","section":"Shading Mode"},"sceneLighting":false,"audioPlay":false,"sceneViewState":{"showFog":true,"showMaterialUpdate":false,"showSkybox":true,"showFlares":true,"showImageEffects":true,"showParticleSystems":true},"in2DMode":false,"pivot":{"x":1.5202363729476929,"y":1.0384489297866822,"z":-1.117611289024353},"rotation":{"x":-0.26625174283981326,"y":-0.20963621139526368,"z":0.05944892391562462,"w":-0.938950777053833},"size":1.6724623441696168,"orthographic":false}